ID,NAME,longitude
72,W 52 St & 11 Ave,-73.99392888
79,Franklin St & W Broadway,-74.00666661
82,St James Pl & Pearl St,-74.00016545
83,Atlantic Ave & Fort Greene Pl,-73.97632328
116,W 17 St & 8 Ave,-74.00149746
119,Park Ave & St Edwards St,-73.97803415
120,Lexington Ave & Classon Ave,-73.95928168
127,Barrow St & Hudson St,-74.00674436
128,MacDougal St & Prince St,-74.00297088
143,Clinton St & Joralemon St,-73.99337909
144,Nassau St & Navy St,-73.98068914
146,Hudson St & Reade St,-74.0091059
150,E 2 St & Avenue C,-73.98085795
151,Cleveland Pl & Spring St,-73.99724900722504
157,Henry St & Atlantic Ave,-73.99612349
161,LaGuardia Pl & W 3 St,-73.99810231
164,E 47 St & 2 Ave,-73.97032517
167,E 39 St & 3 Ave,-73.97604882
168,W 18 St & 6 Ave,-73.99456405
173,Broadway & W 49 St,-73.9845272898674
174,E 25 St & 1 Ave,-73.97738662
195,Liberty St & Broadway,-74.01043382
212,W 16 St & The High Line,-74.00681753
216,Columbia Heights & Cranberry St,-73.99548059
217,Old Fulton St,-73.99383605
223,W 13 St & 7 Ave,-73.99994661
224,Spruce St & Nassau St,-74.00552427
228,E 48 St & 3 Ave,-73.971878855
229,Great Jones St,-73.99379025
236,St Marks Pl & 2 Ave,-73.98713956
237,E 11 St & 2 Ave,-73.98672378
238,Bank St & Washington St,-74.00859207
239,Willoughby St & Fleet St,-73.9813018
241,DeKalb Ave & S Portland Ave,-73.97493121
242,Carlton Ave & Flushing Ave,-73.973736
244,Willoughby Ave & Hall St,-73.96536851
245,Myrtle Ave & St Edwards St,-73.97703874
247,Perry St & Bleecker St,-74.00483091
248,Laight St & Hudson St,-74.00771779
249,Harrison St & Hudson St,-74.0090009
250,Lafayette St & Jersey St,-73.99565293
251,Mott St & Prince St,-73.99480012
252,MacDougal St & Washington Sq,-73.99852205
254,W 11 St & 6 Ave,-73.99800419
257,Lispenard St & Broadway,-74.00247214
258,DeKalb Ave & Vanderbilt Ave,-73.96885458
259,South St & Whitehall St,-74.01234218
260,Broad St & Bridge St,-74.01167797
261,Johnson St & Gold St,-73.98362464
262,Washington Park,-73.9737299
264,Maiden Ln & Pearl St,-74.00731853
265,Stanton St & Chrystie St,-73.99147535
267,Broadway & W 36 St,-73.98765428
268,Howard St & Centre St,-73.99973337
270,Adelphi St & Myrtle Ave,-73.97178913
274,Lafayette Ave & Fort Greene Pl,-73.976682
275,Washington Ave & Greene Ave,-73.96563307
276,Duane St & Greenwich St,-74.0104554
278,Concord St & Bridge St,-73.98476437
280,E 10 St & 5 Ave,-73.99510132
281,Grand Army Plaza & Central Park S,-73.97371465
282,Kent Ave & S 11 St,-73.96841526031494
284,Greenwich Ave & 8 Ave,-74.0026376103
285,Broadway & E 14 St,-73.99074142
289,Monroe St & Classon Ave,-73.95881081
291,Madison St & Montgomery St,-73.984844
293,Lafayette St & E 8 St,-73.99102628231049
295,Pike St & E Broadway,-73.99293911
297,E 15 St & 3 Ave,-73.986923
298,3 Ave & Schermerhorn St,-73.9796772
301,E 2 St & Avenue B,-73.98368779
302,Avenue D & E 3 St,-73.97793172
303,Mercer St & Spring St,-73.99949601
304,Broadway & Battery Pl,-74.01361706
305,E 58 St & 3 Ave,-73.96724467
307,Canal St & Rutgers St,-73.98990025
308,St James Pl & Oliver St,-73.99851193
309,Murray St & West St,-74.013012
310,State St & Smith St,-73.98912867
311,Norfolk St & Broome St,-73.98802084
312,Allen St & Stanton St,-73.989111
313,Washington Ave & Park Ave,-73.96751037
315,South St & Gouverneur Ln,-74.00670227
316,Fulton St & William St,-74.00653609
317,E 6 St & Avenue B,-73.98185424
319,Fulton St & Broadway,-74.009447
320,Leonard St & Church St,-74.005549
321,Cadman Plaza E & Red Cross Pl,-73.98971773
323,Lawrence St & Willoughby St,-73.98631746
324,DeKalb Ave & Hudson Ave,-73.981013
325,E 19 St & 3 Ave,-73.98473765
326,E 11 St & 1 Ave,-73.98426726
327,Vesey Pl & River Terrace,-74.01658354
328,Watts St & Greenwich St,-74.00965965
330,Reade St & Broadway,-74.00562789
331,Pike St & Monroe St,-73.99193043
332,Cherry St,-73.97948148
334,W 20 St & 7 Ave,-73.99726235
335,Washington Pl & Broadway,-73.99404649
336,Sullivan St & Washington Sq,-73.99906065
339,Avenue D & E 12 St,-73.97422494
340,Madison St & Clinton St,-73.98776323
341,Stanton St & Mangin St,-73.97628939
342,Columbia St & Rivington St,-73.98016555
343,Clinton Ave & Flushing Ave,-73.96986848
344,Monroe St & Bedford Ave,-73.95380904
346,Bank St & Hudson St,-74.00618026
347,Greenwich St & W Houston St,-74.008591
349,Rivington St & Ridge St,-73.98329859
350,Clinton St & Grand St,-73.9870295
351,Front St & Maiden Ln,-74.00612572
353,S Portland Ave & Hanson Pl,-73.97431458
354,Emerson Pl & Myrtle Ave,-73.96223558
355,Bayard St & Baxter St,-73.99974372
356,Bialystoker Pl & Delancey St,-73.98261206
358,Christopher St & Greenwich St,-74.00711384
359,E 47 St & Park Ave,-73.97498696
360,William St & Pine St,-74.00887308
361,Allen St & Hester St,-73.99190759
362,Broadway & W 37 St,-73.98753523
363,West Thames St,-74.01713445
364,Lafayette Ave & Classon Ave,-73.96023854
366,Clinton Ave & Myrtle Ave,-73.968896
367,E 53 St & Lexington Ave,-73.97069431
368,Carmine St & 6 Ave,-74.00214988
369,Washington Pl & 6 Ave,-74.00026394
372,Franklin Ave & Myrtle Ave,-73.95801365375519
373,Willoughby Ave & Walworth St,-73.95381995
376,John St & William St,-74.00722156
377,6 Ave & Canal St,-74.00566443
379,W 31 St & 7 Ave,-73.9916
380,W 4 St & 7 Ave S,-74.00293877
383,Greenwich Ave & Charles St,-74.000271
385,E 55 St & 2 Ave,-73.96603308
386,Centre St & Worth St,-74.00234482
387,Centre St & Chambers St,-74.0046073
388,W 26 St & 10 Ave,-74.002950346
389,Broadway & Berry St,-73.96525063
390,Duffield St & Willoughby St,-73.9842844
391,Clark St & Henry St,-73.99344559
392,Jay St & Tech Pl,-73.987167
393,E 5 St & Avenue C,-73.97995466
394,E 9 St & Avenue C,-73.97768752
396,Lefferts Pl & Franklin Ave,-73.9557689392
397,Fulton St & Clermont Ave,-73.96922273
398,Atlantic Ave & Furman St,-73.9999786
399,Lafayette Ave & St James Pl,-73.9647628
400,Pitt St & Stanton St,-73.98178024
401,Allen St & Rivington St,-73.98997825
402,Broadway & E 22 St,-73.98955109
403,E 2 St & 2 Ave,-73.99069656
405,Washington St & Gansevoort St,-74.008119
406,Hicks St & Montague St,-73.99595065
408,Market St & Cherry St,-73.99400398
410,Suffolk St & Stanton St,-73.98517977
411,E 6 St & Avenue D,-73.97668709
412,Forsyth St & Canal St,-73.99422366
415,Pearl St & Hanover Square,-74.00926027
416,Cumberland St & Lafayette Ave,-73.97265183
417,Barclay St & Church St,-74.01020234
418,Front St & Gold St,-73.982578
419,Carlton Ave & Park Ave,-73.97355569
420,Clermont Ave & Lafayette Ave,-73.96968902
421,Clermont Ave & Park Ave,-73.97129668
422,W 59 St & 10 Ave,-73.988038
423,W 54 St & 9 Ave,-73.98690506
426,West St & Chambers St,-74.01322069
427,Bus Slip & State St,-74.013942
432,E 7 St & Avenue A,-73.98379855
434,9 Ave & W 18 St,-74.00366443
435,W 21 St & 6 Ave,-73.99415556
436,Hancock St & Bedford Ave,-73.95399026
437,Macon St & Nostrand Ave,-73.9500479759
438,St Marks Pl & 1 Ave,-73.98564945
439,E 4 St & 2 Ave,-73.98978041
440,E 45 St & 3 Ave,-73.97282625
442,W 27 St & 7 Ave,-73.993915
443,Bedford Ave & S 9 St,-73.96408963
445,E 10 St & Avenue A,-73.98142006
446,W 24 St & 7 Ave,-73.99529885
447,8 Ave & W 52 St,-73.9851615
448,W 37 St & 10 Ave,-73.9979009
450,W 49 St & 8 Ave,-73.98788205
453,W 22 St & 8 Ave,-73.99915362
454,E 51 St & 1 Ave,-73.96592976
455,1 Ave & E 44 St,-73.96905301
456,E 53 St & Madison Ave,-73.97402311
458,11 Ave & W 27 St,-74.005226
459,W 20 St & 11 Ave,-74.007756
460,S 4 St & Wythe Ave,-73.96590294
461,E 20 St & 2 Ave,-73.98205027
462,W 22 St & 10 Ave,-74.00451887
464,E 56 St & 3 Ave,-73.96759673
465,Broadway & W 41 St,-73.98658032
466,W 25 St & 6 Ave,-73.99144871
467,Dean St & 4 Ave,-73.97895137
468,Broadway & W 56 St,-73.98192338
469,Broadway & W 53 St,-73.98268129
470,W 20 St & 8 Ave,-74.00004031
471,Grand St & Havemeyer St,-73.95698119
472,E 32 St & Park Ave,-73.98194829
473,Rivington St & Chrystie St,-73.9919254
474,5 Ave & E 29 St,-73.98683077
476,E 31 St & 3 Ave,-73.97966069
477,W 41 St & 8 Ave,-73.9900262
478,11 Ave & W 41 St,-73.99884222
479,9 Ave & W 45 St,-73.9912551
480,W 53 St & 10 Ave,-73.99061728
481,S 3 St & Bedford Ave,-73.96264403
482,W 15 St & 7 Ave,-73.99931783
483,E 12 St & 3 Ave,-73.98889957
484,W 44 St & 5 Ave,-73.98014437
485,W 37 St & 5 Ave,-73.98338988
486,Broadway & W 29 St,-73.98855723
487,E 20 St & FDR Drive,-73.97573881
489,10 Ave & W 28 St,-74.00176802
490,8 Ave & W 33 St,-73.993934
491,E 24 St & Park Ave S,-73.98602213
492,W 33 St & 7 Ave,-73.99093085
493,W 45 St & 6 Ave,-73.98291153
494,W 26 St & 8 Ave,-73.99723551
495,W 47 St & 10 Ave,-73.99301222
496,E 16 St & 5 Ave,-73.99238967
497,E 17 St & Broadway,-73.99009296
499,Broadway & W 60 St,-73.98191841
500,Broadway & W 51 St,-73.98336183
501,FDR Drive & E 35 St,-73.97121214
502,Henry St & Grand St,-73.981095
503,E 20 St & Park Ave,-73.98751968
504,1 Ave & E 16 St,-73.98165557
505,6 Ave & W 33 St,-73.98848395
507,E 25 St & 2 Ave,-73.97973776
508,W 46 St & 11 Ave,-73.99667444
509,9 Ave & W 22 St,-74.00197139
513,W 56 St & 10 Ave,-73.988639
514,12 Ave & W 40 St,-74.00277668
515,W 43 St & 10 Ave,-73.99461843
516,E 47 St & 1 Ave,-73.96784384
517,Pershing Square South,-73.97791
518,E 39 St & 2 Ave,-73.9734419
519,Pershing Square North,-73.977706
520,W 52 St & 5 Ave,-73.97648516
522,E 51 St & Lexington Ave,-73.97207836
523,W 38 St & 8 Ave,-73.99138152
525,W 34 St & 11 Ave,-74.0021163
526,E 33 St & 5 Ave,-73.98490707
528,2 Ave & E 31 St,-73.97706058
529,W 42 St & 8 Ave,-73.99098507
530,11 Ave & W 59 St,-73.99046033620834
531,Forsyth St & Broome St,-73.99266288
532,S 5 Pl & S 5 St,-73.960876
533,Broadway & W 38 St,-73.98721619
534,Water - Whitehall Plaza,-74.0127234
536,1 Ave & E 30 St,-73.97536082
539,Metropolitan Ave & Bedford Ave,-73.96024116
540,Lexington Ave & E 29 St,-73.98215353488922
545,E 23 St & 1 Ave,-73.97809472
546,E 30 St & Park Ave S,-73.98303529
2000,Front St & Washington St,-73.98940236
2002,Wythe Ave & Metropolitan Ave,-73.963198
2003,1 Ave & E 18 St,-73.98054420948029
2005,Railroad Ave & Kay Ave,-73.97100056
2006,Central Park S & 6 Ave,-73.97634151
2008,Little West St & 1 Pl,-74.01677685
2009,Catherine St & Monroe St,-73.99682619
2010,Grand St & Greene St,-74.00238141417502
2012,E 27 St & 1 Ave,-73.976806
2017,E 43 St & 2 Ave,-73.97121414
2021,W 45 St & 8 Ave,-73.98859651
2022,E 60 St & York Ave,-73.959223
3016,Kent Ave & N 7 St,-73.96165072917938
3041,Kingston Ave & Herkimer St,-73.94142771
3042,Fulton St & Utica Ave,-73.9298911
3043,Lewis Ave & Decatur St,-73.934903
3044,Albany Ave & Fulton St,-73.938475
3046,Marcus Garvey Blvd & Macon St,-73.938037
3047,Halsey St & Tompkins Ave,-73.944118
3048,Putnam Ave & Nostrand Ave,-73.94977
3049,Cambridge Pl & Gates Ave,-73.96304
3050,Putnam Ave & Throop Ave,-73.94111
3052,Lewis Ave & Madison St,-73.935775
3053,Marcy Ave & Lafayette Ave,-73.947915
3054,Greene Ave & Throop Ave,-73.942061
3055,Greene Ave & Nostrand Ave,-73.950916
3056,Kosciuszko St & Nostrand Ave,-73.95133465
3057,Kosciuszko St & Tompkins Ave,-73.9452416
3058,Lewis Ave & Kosciuszko St,-73.93705428
3059,Pulaski St & Marcus Garvey Blvd,-73.939877
3060,Willoughby Ave & Tompkins Ave,-73.94626915
3061,Throop Ave & Myrtle Ave,-73.94371094
3062,Myrtle Ave & Marcy Ave,-73.94954908
3063,Nostrand Ave & Myrtle Ave,-73.95238108
3064,Myrtle Ave & Lewis Ave,-73.93756926
3065,Union Ave & Wallabout St,-73.95032283
3066,Tompkins Ave & Hopkins St,-73.94708417
3067,Broadway & Whipple St,-73.9437303
3068,Humboldt St & Varet St,-73.940636
3069,Lorimer St & Broadway,-73.94818595
3070,McKibbin St & Manhattan Ave,-73.94407279
3071,Boerum St & Broadway,-73.94976519
3072,Leonard St & Boerum St,-73.94644578
3074,Montrose Ave & Bushwick Ave,-73.94016171
3075,Division Ave & Marcy Ave,-73.95796783
3076,Scholes St & Manhattan Ave,-73.9448625
3077,Stagg St & Union Ave,-73.95095259
3078,Broadway & Roebling St,-73.96063148975372
3080,S 4 St & Rodney St,-73.95608
3081,Graham Ave & Grand St,-73.944024
3082,Hope St & Union Ave,-73.95141312
3083,Bushwick Ave & Powers St,-73.94100005
3085,Roebling St & N 4 St,-73.95739
3086,Graham Ave & Conselyea St,-73.944507
3087,Metropolitan Ave & Meeker Ave,-73.95234386
3088,Union Ave & Jackson St,-73.952029
3092,Berry St & N 8 St,-73.95852515
3093,N 6 St & Bedford Ave,-73.95850939
3094,Graham Ave & Withers St,-73.94485918
3095,Graham Ave & Herbert St,-73.94500379
3096,Union Ave & N 12 St,-73.95242
3100,Nassau Ave & Newell St,-73.94752621650696
3101,N 12 St & Bedford Ave,-73.95484712
3102,Driggs Ave & Lorimer St,-73.9504154
3105,N 15 St & Wythe Ave,-73.955736
3106,Driggs Ave & N Henry St,-73.94308
3107,Bedford Ave & Nassau Ave,-73.95212324
3108,Nassau Ave & Russell St,-73.94434
3109,Banker St & Meserole Ave,-73.95621
3110,Meserole Ave & Manhattan Ave,-73.95299117
3112,Milton St & Franklin St,-73.95779
3113,Greenpoint Ave & Manhattan Ave,-73.95394
3115,India St & Manhattan Ave,-73.9550858
3116,Huron St & Franklin St,-73.95826
3117,Franklin St & Dupont St,-73.95866
3118,McGuinness Blvd & Eagle St,-73.95284
3119,Vernon Blvd & 50 Ave,-73.95411749
3121,Jackson Ave & 46 Rd,-73.94733276
3122,48 Ave & 5 St,-73.9558732509613
3123,31 St & Thomson Ave,-73.93540375
3124,46 Ave & 5 St,-73.95451
3125,45 Rd & 11 St,-73.94977234
3126,44 Dr & Jackson Ave,-73.9432635
3127,9 St & 44 Rd,-73.9521
3128,21 St & 43 Ave,-73.94594845
3129,Queens Plaza North & Crescent St,-73.94073717
3130,21 St & Queens Plaza North,-73.94335788
3131,E 68 St & 3 Ave,-73.96224617958069
3132,E 59 St & Madison Ave,-73.97109243
3134,3 Ave & E 62 St,-73.96526895
3135,E 75 St & 3 Ave,-73.95772297
3136,5 Ave & E 63 St,-73.971518
3137,5 Ave & E 73 St,-73.96685276
3139,E 72 St & Park Ave,-73.96409422159195
3140,1 Ave & E 78 St,-73.9535166
3141,1 Ave & E 68 St,-73.95818491
3142,1 Ave & E 62 St,-73.96094022
3143,5 Ave & E 78 St,-73.96427392959595
3144,E 81 St & Park Ave,-73.9590097
3145,E 84 St & Park Ave,-73.95772073
3146,E 81 St & 3 Ave,-73.9567526
3147,E 85 St & 3 Ave,-73.95407149
3148,E 84 St & 1 Ave,-73.95068615
3150,E 85 St & York Ave,-73.94803392
3151,E 81 St & York Ave,-73.94989233
3152,3 Ave & E 71 St,-73.96119945
3154,E 77 St & 3 Ave,-73.95856158
3156,E 72 St & York Ave,-73.95348296
3157,East End Ave & E 86 St,-73.94446054
3158,W 63 St & Broadway,-73.98261428
3159,W 67 St & Broadway,-73.98266566
3160,Central Park West & W 76 St,-73.97374737
3161,W 76 St & Columbus Ave,-73.97728532552719
3163,Central Park West & W 68 St,-73.97782542
3164,Columbus Ave & W 72 St,-73.97898475
3165,Central Park West & W 72 St,-73.9762057363987
3166,Riverside Dr & W 72 St,-73.98562431335449
3167,Amsterdam Ave & W 73 St,-73.98093044757842
3168,Central Park West & W 85 St,-73.96961715
3169,Riverside Dr & W 82 St,-73.98128127
3170,W 84 St & Columbus Ave,-73.97283406
3171,Amsterdam Ave & W 82 St,-73.97667321
3172,W 74 St & Columbus Ave,-73.97754961
3173,Riverside Blvd & W 67 St,-73.98888587951659
3175,W 70 St & Amsterdam Ave,-73.98288594
3177,W 84 St & Broadway,-73.977112
3178,Riverside Dr & W 78 St,-73.98362492
3179,Park Ave & Marcus Garvey Blvd,-73.941342
3184,Paulus Hook,-74.0335519
3185,City Hall,-74.043845
3186,Grove St PATH,-74.04311746358871
3187,Warren St,-74.03805095
3191,Union St,-74.0836394
3192,Liberty Light Rail,-74.0557013
3193,Lincoln Park,-74.07840594649315
3194,McGinley Square,-74.06762212514877
3195,Sip Ave,-74.06391263008118
3196,Riverview Park,-74.0439909
3198,Heights Elevator,-74.04044330120087
3199,Newport Pkwy,-74.0321082
3201,Dey St,-74.066921
3202,Newport PATH,-74.0337589
3203,Hamilton Park,-74.044247311
3205,JC Medical Center,-74.0496379137039
3206,Hilltop,-74.0575736
3207,Oakland Ave,-74.0524783
3209,Brunswick St,-74.0506564
3210,Pershing Field,-74.051788633
3211,Newark Ave,-74.046304543
3212,Christ Hospital,-74.050443636
3213,Van Vorst Park,-74.047726625
3214,Essex Light Rail,-74.0364857
3220,5 Corners Library,-74.0595030784607
3221,47 Ave & 31 St,-73.93561
3225,Baldwin at Montgomery,-74.0641943
3226,W 82 St & Central Park West,-73.97137
3231,E 67 St & Park Ave,-73.96592080593109
3232,Bond St & Fulton St,-73.98304268717766
3233,E 48 St & 5 Ave,-73.97805914282799
3235,E 41 St & Madison Ave,-73.97992193698882
3236,W 42 St & Dyer Ave,-73.99379968643188
3241,Monroe St & Tompkins Ave,-73.944694
3242,Schermerhorn St & Court St,-73.99183362722397
3243,E 58 St & 1 Ave (NE Corner),-73.96226227283478
3244,University Pl & E 8 St,-73.99490341544151
3246,Montague St & Clinton St,-73.99230033159256
3249,Verona Pl & Fulton St,-73.9476791024208
3255,8 Ave & W 31 St,-73.9946848154068
3256,Pier 40 - Hudson River Park,-74.01129573583603
3259,9 Ave & W 28 St,-73.99923384189606
3260,Mercer St & Bleecker St,-73.99662137031554
3263,Cooper Square & Astor Pl,-73.99075269699097
3267,Morris Canal,-74.03852552175522
3268,Lafayette Park,-74.06285852193832
3269,Brunswick & 6th,-74.05038893222809
3270,Jersey & 6th St,-74.04557168483734
3272,Jersey & 3rd,-74.04595255851744
3273,Manila & 1st,-74.04288411140442
3275,Columbus Drive,-74.03891444206238
3276,Marin Light Rail,-74.04281705617905
3277,Communipaw & Berry Lane,-74.06661093235016
3278,Monmouth and 6th,-74.04879033565521
3279,Dixon Mills,-74.04996782541275
3280,Astor Place,-74.07126188278198
3281,Leonard Gordon Park,-74.0572714805603
3282,5 Ave & E 88 St,-73.95939
3283,W 89 St & Columbus Ave,-73.97041561
3284,E 88 St & Park Ave,-73.95595908164978
3285,W 87 St & Amsterdam Ave,-73.9747
3286,E 89 St & 3 Ave,-73.9521667
3287,W 87 St & West End Ave,-73.97757
3288,E 88 St & 1 Ave,-73.9488134
3289,W 90 St & Amsterdam Ave,-73.97288918495178
3290,E 89 St & York Ave,-73.946041
3292,5 Ave & E 93 St,-73.957481
3293,W 92 St & Broadway,-73.9739
3294,E 91 St & Park Ave,-73.955327
3295,Central Park W & W 96 St,-73.964839
3296,E 93 St & 2 Ave,-73.9489196240902
3297,6 St & 7 Ave,-73.97988067
3298,Warren St & Court St,-73.99383324
3299,E 98 St & Park Ave,-73.95206
3300,Prospect Park West & 8 St,-73.97637605667114
3301,Columbus Ave & W 95 St,-73.968087
3302,Columbus Ave & W 103 St,-73.9643412291
3303,Butler St & Court St,-73.99440329
3304,6 Ave & 9 St,-73.98377641
3305,E 91 St & 2 Ave,-73.94965589046478
3306,10 St & 7 Ave,-73.98199886
3307,West End Ave & W 94 St,-73.974124
3308,Kane St & Clinton St,-73.99645295
3309,E 97 St & 3 Ave,-73.94860294
3310,14 St & 7 Ave,-73.98396846
3311,Columbia St & Kane St,-74.0016256
3312,1 Ave & E 94 St,-73.94594
3313,6 Ave & 12 St,-73.9854617
3314,W 95 St & Broadway,-73.971888
3315,Henry St & Degraw St,-73.99917254
3317,10 St & 5 Ave,-73.98700053
3318,2 Ave & E 96 St,-73.9471673
3319,14 St & 5 Ave,-73.98895053
3320,Central Park West & W 100 St,-73.96286845207214
3321,Clinton St & Union St,-73.99785267
3322,12 St & 4 Ave,-73.9904394
3323,W 106 St & Central Park West,-73.9605909006
3324,3 Ave & 14 St,-73.99333264
3325,E 95 St & 3 Ave,-73.950503
3326,Clinton St & Centre St,-74.00194698
3327,3 Ave & E 100 St,-73.94728331
3328,W 100 St & Manhattan Ave,-73.9645
3329,Degraw St & Smith St,-73.99318208
3330,Henry St & Bay St,-74.00494695
3331,Riverside Dr & W 104 St,-73.9711457439
3332,Degraw St & Hoyt St,-73.99079024791718
3333,Columbia St & Lorraine St,-74.0075572
3335,Union St & 4 Ave,-73.98282002
3336,E 97 St & Madison Ave,-73.953559
3337,Dwight St & Van Dyke St,-74.01195555925369
3338,2 Ave & E 99 St,-73.94552579
3339,Berkeley Pl & 6 Ave,-73.97846879
3340,Wolcott St & Dwight St,-74.0100698
3341,Central Park West & W 102 St,-73.96186
3342,Pioneer St & Richards St,-74.0094613
3343,W 107 St & Columbus Ave,-73.9621128676
3344,Pioneer St & Van Brunt St,-74.011169
3345,Madison Ave & E 99 St,-73.95242929458618
3346,Berkeley Pl & 7 Ave,-73.97523209452629
3347,Van Brunt St & Wolcott St,-74.01275056
3348,Coffey St & Conover St,-74.015665
3349,Grand Army Plaza & Plaza St West,-73.97087984
3350,W 100 St & Broadway,-73.97041192
3351,E 102 St & 1 Ave,-73.94164802
3352,Sigourney St & Columbia St,-74.0087952464819
3354,3 St & Prospect Park West,-73.97363831
3355,E 66 St & Madison Ave,-73.96845281124115
3356,Amsterdam Ave & W 66 St,-73.98470567
3357,W 106 St & Amsterdam Ave,-73.9664492472
3358,Garfield Pl & 8 Ave,-73.97484126
3359,E 68 St & Madison Ave,-73.96703464
3360,Amsterdam Ave & W 79 St,-73.9786517
3361,Carroll St & 6 Ave,-73.9787282
3362,Madison Ave & E 82 St,-73.96069399
3363,E 102 St & Park Ave,-73.95033068
3364,Carroll St & 5 Ave,-73.9814832
3365,3 St & 7 Ave,-73.97839676
3366,West End Ave & W 107 St,-73.9681805305
3367,5 Ave & E 103 St,-73.95249933
3368,5 Ave & 3 St,-73.98352355
3369,E 82 St & East End Ave,-73.9468208
3370,E 78 St & 2 Ave,-73.95577801
3372,E 74 St & 1 Ave,-73.95482273
3373,3 St & 3 Ave,-73.98775226
3374,Central Park North & Adam Clayton Powell Blvd,-73.955613
3375,3 Ave & E 72 St,-73.96060712
3376,E 65 St & 2 Ave,-73.96222069859505
3377,Carroll St & Bond St,-73.99037292
3378,E 76 St & Park Ave,-73.96222088
3379,E 103 St & Lexington Ave,-73.94755757
3381,3 St & Hoyt St,-73.99364123
3382,Carroll St & Smith St,-73.99475825
3383,Cathedral Pkwy & Broadway,-73.96699104
3384,Smith St & 3 St,-73.99599099
3386,1 Pl & Clinton St,-73.99905709
3387,E 106 St & Madison Ave,-73.94945003
3388,President St & Henry St,-73.99990419
3389,Carroll St & Columbia St,-74.00348559
3390,E 109 St & 3 Ave,-73.9432083
3391,E 106 St & 1 Ave,-73.93956237
3392,Commerce St & Van Brunt St,-74.00860912
3393,Richards St & Delavan St,-74.00785041
3394,Columbia St & W 9 St,-74.00647134
3395,Henry St & W 9 St,-74.00324957
3396,Clinton St & 4 Place,-74.00014502
3397,Court St & Nelson St,-73.99869893
3398,Smith St & 9 St,-73.99785768
3399,7 St & 3 Ave,-73.98983001708984
3400,E 110 St & Madison Ave,-73.94782145
3402,Court St & State St,-73.99203074
3403,4 Ave & 9 St,-73.98876585
3404,7 St & 5 Ave,-73.98541675
3405,5 St & 6 Ave,-73.98208968
3407,Union St & Nevins St,-73.98765474557877
3408,Congress St & Clinton St,-73.99520919
3409,Bergen St & Smith St,-73.99063168
3410,Dean St & Hoyt St,-73.98759104
3411,Bond St & Bergen St,-73.98620772
3412,Pacific St & Nevins St,-73.98302136
3414,Bergen St & Flatbush Ave,-73.97567331790923
3415,Prospect Pl & 6 Ave,-73.97519523
3416,7 Ave & Park Pl,-73.97324283
3417,Baltic St & 5 Ave,-73.97854971
3418,Plaza St West & Flatbush Ave,-73.97111473
3419,Douglass St & 4 Ave,-73.98154004
3420,Douglass St & 3 Ave,-73.98432695
3421,Hoyt St & Warren St,-73.98901629
3422,Columbia St & Degraw St,-74.00242364
3423,West Drive & Prospect Park West,-73.97945255041122
3424,E 106 St & Lexington Ave,-73.945993
3425,2 Ave & E 104 St,-73.94370784
3429,Hanson Pl & Ashland Pl,-73.97790759801863
3430,Richardson St & N Henry St,-73.94223690032959
3435,Grand St & Elizabeth St,-73.99596
3437,Riverside Dr & W 91 St,-73.97700369358063
3440,Fulton St & Adams St,-73.98949474096298
3443,W 52 St & 6 Ave,-73.97982001304626
3452,Bayard St & Leonard St,-73.94885390996933
3453,Devoe St & Lorimer St,-73.9491033554077
3454,Leonard St & Maujer St,-73.94705951213837
3456,Jackson St & Leonard St,-73.94821286201477
3457,E 58 St & Madison Ave,-73.97209525108337
3461,Murray St & Greenwich St,-74.01122331619263
3463,E 16 St & Irving Pl,-73.98797392845154
3467,W Broadway & Spring St,-74.00165855884552
3469,India St & West St,-73.95995020866394
3472,W 15 St & 10 Ave,-74.00747358798981
3477,39 St & 2 Ave,-74.01062786579132
3478,2 Ave & 36 St,-74.00870203971863
3481,York St,-74.04105
3483,Montgomery St,-74.05099
3486,Schermerhorn St & Bond St,-73.98451656103134
3490,E 116 St & 2 Ave,-73.937261
3491,E 118 St & 1 Ave,-73.93504
3492,E 118 St & Park Ave,-73.9419949
3493,E 118 St & 3 Ave,-73.9389152
3494,E 115 St & Lexington Ave,-73.9423
3495,E 114 St & 1 Ave,-73.9362541
3496,1 Ave & E 110 St,-73.9383
3497,Pleasant Ave & E 116 St,-73.9333349
3498,Pleasant Ave & E 120 St,-73.9311847
3499,2 Ave & E 122 St,-73.9349
3500,E 115 St & Madison Ave,-73.944846
3501,E 118 St & Madison Ave,-73.9442507
3502,Lexington Ave & E 111 St,-73.9441232
3503,Madison Ave & E 120 St,-73.942954
3504,E 123 St & Lexington Ave,-73.9379
3505,Lexington Ave & E 127 St,-73.936322
3506,Lexington Ave & E 120 St,-73.9398167
3507,Park Ave & E 124 St,-73.9396861
3508,St Nicholas Ave & Manhattan Ave,-73.953149
3509,Lenox Ave & W 115 St,-73.9500739
3510,Adam Clayton Powell Blvd & W 123 St,-73.949373
3511,Adam Clayton Powell Blvd & W 115 St,-73.9532423
3513,21 St & Hoyt Ave S,-73.923706
3514,Astoria Park S & Shore Blvd,-73.927631
3515,24 Ave & 26 St,-73.918544
3516,31 St & Astoria Blvd,-73.9184057
3517,31 St & Hoyt Ave N,-73.9170074
3518,Lenox Ave & W 126 St,-73.9452087
3520,Adam Clayton Powell Blvd & W 118 St,-73.951475
3521,Lenox Ave & W 111 St,-73.9523
3522,37 St & 24 Ave,-73.9120938
3523,24 Ave & 29 St,-73.916142
3524,19 St & 24 Ave,-73.9225403
3525,23 Ave & 27 St,-73.9153175
3526,31 St & 23 Ave,-73.9125551
3527,5 Ave & E 126 St,-73.941747
3528,Steinway St & 23 Ave,-73.9077436
3529,Lenox Ave & W 130 St,-73.9430681
3530,Crescent St & Ditmars Blvd,-73.9145645
3531,Frederick Douglass Blvd & W 129 St,-73.9492286
3532,Ditmars Blvd & 19 St,-73.9183302
3533,St. Nicholas Ave & W 126 St,-73.9518776
3534,Frederick Douglass Blvd & W 117 St,-73.954692
3535,Mt Morris Park W & W 120 St,-73.945925
3536,W 116 St & Broadway,-73.9641
3537,Carlton Ave & Dean St,-73.9710097
3538,W 110 St & Amsterdam Ave,-73.96295
3539,W 116 St & Amsterdam Ave,-73.9607082
3540,Morningside Ave & W 123 St,-73.9551508
3541,Amsterdam Ave & W 125 St,-73.956461
3542,Amsterdam Ave & W 119 St,-73.9596214
3543,Morningside Dr & Amsterdam Ave,-73.95736455917358
3544,Underhill Ave & Pacific St,-73.9646795
3545,Broadway & W 122 St,-73.9612547
3546,Pacific St & Classon Ave,-73.9587903
3547,Broadway & Moylan Pl,-73.9590255
3549,Grand Ave & Bergen St,-73.962408
3551,3 Ave & E 112 St,-73.941606
3552,W 113 St & Broadway,-73.964928
3553,Frederick Douglass Blvd & W 112 St,-73.957145
3554,Vernon Blvd & 41 Rd,-73.9485678
3555,28 St & 41 Ave,-73.93797
3557,40 Ave & 9 St,-73.945133
3558,Bergen St & Vanderbilt Ave,-73.9680438
3559,21 St & 38 Ave,-73.9391224
3561,37 Ave & 35 St,-73.9279917
3562,Classon Ave & St Marks Ave,-73.9596082
3563,28 St & 36 Ave,-73.932719
3564,21 St & 36 Ave,-73.9362726
3565,36 Ave & 10 St,-73.9411265
3566,Crescent St & 35 Ave,-73.9321455
3567,11 St & 35 Ave,-73.9391141
3568,34 St & 35 Ave,-73.9262231
3569,Franklin Ave & St Marks Ave,-73.9561677
3570,35 Ave & 37 St,-73.9236611
3571,Bedford Ave & Bergen St,-73.952918
3572,34 Ave & 38 St,-73.921631
3573,35 St & 34 Ave,-73.9242751
3574,Prospect Pl & Underhill Ave,-73.96579
3575,Crescent St & 34 Ave,-73.930562
3576,Park Pl & Vanderbilt Ave,-73.969024
3577,34 Ave & 21 St,-73.9342862
3578,Park Pl & Franklin Ave,-73.9564947
3579,Sterling Pl & Bedford Ave,-73.954131
3580,St Johns Pl & Washington Ave,-73.9631611
3581,Underhill Ave & Lincoln Pl,-73.9671457
3582,Lincoln Pl & Classon Ave,-73.9609
3583,Eastern Pkwy & Washington Ave,-73.9631145
3584,Eastern Pkwy & Franklin Ave,-73.9576801
3585,Union St & Bedford Ave,-73.9554162
3586,34 Ave & 13 St,-73.9364848
3587,Carroll St & Washington Ave,-73.9618148
3588,Vernon Blvd & 10 St,-73.9373554
3589,Broadway & 12 St,-73.9347774
3590,Carroll St & Franklin Ave,-73.9588
3591,21 St & 31 Dr,-73.930819
3592,Crescent St & Broadway,-73.9286471
3593,31 St & Broadway,-73.925921
3595,35 St & Broadway,-73.9222427
3596,Sullivan Pl & Bedford Ave,-73.9574686
3597,43 St & Broadway,-73.9166368
3598,Newton Rd & 44 St,-73.9142678
3599,Franklin Ave & Empire Blvd,-73.9605695
3600,31 Ave & Steinway St,-73.9170071
3601,Sterling St & Bedford Ave,-73.9569115
3602,31 Ave & 34 St,-73.920827
3603,31 Ave & 30 St,-73.9240312
3604,Rogers Ave & Sterling St,-73.9538746
3605,31 Ave & Crescent St,-73.9265474
3606,49 Ave & 21 St,-73.948852
3607,31 Ave & 14 St,-73.9322662
3608,5 St & 51 Ave,-73.9566
3609,Vernon Blvd & 31 Ave,-73.9354504
3610,Vernon Blvd & 30 Rd,-73.934171
3611,Vernon Blvd & 47 Rd,-73.9534573
3612,30 Ave & 21 St,-73.9286078
3613,Center Blvd & 48 Ave,-73.957539
3614,Crescent St & 30 Ave,-73.9249574
3615,44 Dr & 21 St,-73.9460927
3616,Steinway St & 28 Ave,-73.9136695
3617,28 Ave & 35 St,-73.9169858
3618,27 St & Hunter St,-73.941275
3619,Newtown Ave & 23 St,-73.9246145
3620,11 St & 43 Ave,-73.9479119
3621,27 Ave & 9 St,-73.9309134
3622,E 128 St & Madison Ave,-73.939182
3623,W 120 St & Claremont Ave,-73.9634
3628,Lenox Ave & W 117 St,-73.9490782
3629,Adam Clayton Powell Blvd & W 126 St,-73.94776493310928
3630,Frederick Douglass Blvd & W 115 St,-73.9559308
3637,Fulton St & Waverly Ave,-73.96599590778351
3638,Washington St,-74.0354826
3639,Harborside,-74.034234
3640,Journal Square,-74.0625
3641,Broadway & W 25 St,-73.98918628692627
3646,35 Ave & 10 St,-73.93985509872437
3647,48 Ave & 30 Pl,-73.93725872039794
3648,Flushing Ave & Vanderbilt Ave,-73.97077560424805
3649,W 129 St & Convent Ave,-73.95324736833572
3654,31 St & Northern Blvd,-73.93349289894103
3656,E 2 St & Avenue A,-73.98583620786667
3658,W 18 St & 9 Ave,-74.00367558002472
3661,Montgomery St & Franklin Ave,-73.9605563879013
3664,North Moore St & Greenwich St,-74.0103006362915
3668,Leonard St & Nassau Ave,-73.94984364509583
3671,E 81 St & 2 Ave,-73.95427465438843
3673,Dean St & Franklin Ave,-73.955637216568
3674,Jay St & York St,-73.98672670125961
3676,Van Brunt St & Van Dyke St,-74.01472628116608
3677,Glenwood Ave,-74.07106071710587
3678,Fairmount Ave,-74.07195925712585
3679,Bergen Ave,-74.07145500183105
3680,E 43 St & 5 Ave,-73.98025184869766
3681,Grand St,-74.03768330812454
3686,Gansevoort St & Hudson St,-74.00507032871246
3687,E 33 St & 1 Ave,-73.97449783980846
3689,W 104 St & Amsterdam Ave,-73.96649479866028
3690,Park Pl & Church St,-74.00935515761375
3691,28 Ave & 44 St,-73.91065120697021
3693,N 11 St & Kent Ave,-73.95921930670738
3694,Jackson Square,-74.0789
3697,W 64 St & Thelonious Monk Circle,-73.98918695747852
3699,W 50 St & 9 Ave,-73.98917958140373
3704,47 Ave & Skillman Ave,-73.94176483154297
3707,Lexington Ave & E 26 St,-73.983293
3708,W 13 St & 5 Ave,-73.99431
3709,W 15 St & 6 Ave,-73.99642959237099
3711,E 13 St & Avenue A,-73.98067966103554
3712,W 35 St & Dyer Ave,-73.99740189313889
3714,Division Ave & Hooper St,-73.9544353965357
3715,Driggs Ave & N 9 St,-73.95520135760307
3716,40 Ave & Crescent St,-73.93795609474182
3718,E 11 St & Avenue B,-73.97950418293476
3721,31 St & Newtown Ave,-73.9209334552288
3723,Cadman Plaza E & Johnson St,-73.99015724658966
3724,7 Ave & Central Park South,-73.9790689945221
3725,2 Ave & E 72 St,-73.95840793848038
3726,Center Blvd & 51 Ave,-73.95960688591003
3727,Frost St & Meeker Ave,-73.94880026578903
3728,Pierrepont St & Monroe Pl,-73.99344027042389
3731,W 47 St & 6 Ave,-73.98255
3733,Avenue C & E 18 St,-73.973984
3734,E 58 St &  1 Ave (NW Corner),-73.962658
3735,W 30 St & 10 Ave,-74.002353
3736,E 12 St & Ave C,-73.976831
3737,Stanton St & Norfolk St,-73.986274
3738,Delancey St & Eldridge St,-73.991479
3739,Perry St & Greenwich Ave,-74.000939
3740,W Broadway & W Houston St,-74.000472
3744,1 Ave & E 5 St,-73.986389
3745,36 Ave & 31 St,-73.92957486212252
3746,6 Ave & Broome St,-74.00473035871983
3749,Lexington Ave & E 36 St,-73.9788007736206
3755,DeKalb Ave & Franklin Ave,-73.95746178925037
3756,White St & Moore St,-73.9351
3757,Stagg St & Morgan Ave,-73.93372
3758,George St & Wilson Ave,-73.92997
3759,Irving Ave & Jefferson St,-73.92535
3760,Willoughby Ave & Wyckoff Ave,-73.92153
3761,Cedar St & Myrtle Ave,-73.926241
3762,3 Ave & Carroll St,-73.9865
3763,Wyckoff Av & Jefferson St,-73.923711
3764,Bushwick Ave & McKibbin St,-73.93936
3765,Bushwick Ave & Stagg St,-73.94008
3766,Sharon St & Olive St,-73.93856
3767,Powers St & Olive St,-73.93894
3768,Waterbury St & Stagg St,-73.93734
3769,White St & Johnson Ave,-73.93581
3770,Central Ave & Flushing Ave,-73.9333
3771,McKibbin St & Bogart St,-73.933871
3772,Devoe St & Morgan Ave,-73.93515
3773,Knickerbocker Ave & Thames St,-73.92976
3774,Knickerbocker Ave & George St,-73.92836
3775,Suydam St & Knickerbocker Ave,-73.923769
3776,Central Ave & Starr Street,-73.92834
3777,Stockholm St & Wilson Ave,-73.923044
3778,Irving Ave & DeKalb Ave,-73.92095
3779,Hart St & Wyckoff Ave,-73.919911
3780,Wyckoff Av & Stanhope St,-73.917775
3781,Greene Av & Myrtle Av,-73.918877
3782,Brooklyn Bridge Park - Pier 2,-73.997178
3783,Cliff St & Fulton St,-74.00495
3785,W 42 St & 6 Ave,-73.98455
3786,Division St & Bowery,-73.996732
3787,Dock 72 Way & Market St,-73.97141
3789,Fulton St & Irving Pl,-73.959432
3790,Henry St & Middagh St,-73.991581
3791,Hoboken Ave at Monmouth St,-74.04696375131607
3792,Columbus Dr at Exchange Pl,-74.03281
3795,10 St & 2 Ave,-73.993612
3798,W 40 St & 5 Ave,-73.982079
3799,6 Ave & W 34 St,-73.98805
3803,Bedford Ave & Montgomery St,-73.956934
3804,Front St & Jay St,-73.986842
3808,24 St & 41 Ave,-73.939991
3809,W 55 St & 6 Ave,-73.978434
3811,27 Ave & 3 St,-73.9342
3812,University Pl & E 14 St,-73.992085
3814,E 56 St & Madison Ave,-73.972628
3815,E 51 St & 2 Ave,-73.967641
3816,Metropolitan Ave & Vandervoort Ave,-73.93323
3817,Withers St & Kingsland Ave,-73.94051
3818,Calyer St & Jewel St,-73.94839
3819,Green St & McGuinness Blvd,-73.95204
3820,Willoughby Ave & Myrtle Ave,-73.93098
3821,Evergreen Ave & Noll St,-73.93318
3822,Bushwick Ave & Forrest St,-73.93641
3823,Beaver St & Fayette St,-73.93921
3824,Van Sinderen Ave & Truxton St,-73.90369
3825,Broadway & Furman Ave,-73.90756
3826,Moffat St & Bushwick,-73.90925
3827,Halsey St & Broadway,-73.91564
3828,Eldert St & Bushwick Ave,-73.91321
3829,Central Ave & Decatur St,-73.90798
3830,Halsey St & Evergreen Ave,-73.91227
3831,Broadway & Hancock St,-73.9168
3832,Central Ave & Weirfield St,-73.91181
3833,Madison St & Evergreen Ave,-73.91693
3834,Irving Ave & Halsey St,-73.90663
3835,Knickerbocker Ave & Hancock St,-73.90974
3836,Bushwick Ave & Linden St,-73.92146
3837,Broadway & Kosciuszko St,-73.92852
3838,Bushwick Ave & Harman St,-73.92524
3839,Putnam Ave & Knickerbocker Ave,-73.91164
3840,Putnam Ave & Wyckoff Ave,-73.90904
3841,Menahan St & Central Ave,-73.9196
3842,Bushwick Ave & Dekalb Ave,-73.92825
3843,Myrtle Ave & Grove St,-73.91516
3844,Myrtle Ave & Linden St,-73.91337
3845,Irving Ave & Harman St,-73.9179
3846,Central Ave & Himrod St,-73.92302
3847,Cedar St & Evergreen Ave,-73.92807
3848,Suydam St & Broadway,-73.93223
3849,Suydam St & St. Nicholas Ave,-73.91945
3850,Jefferson St & Cypress Ave,-73.92157
3851,Metropolitan Ave & Stewart Ave,-73.92793
3852,Stewart Ave & Johnson Ave,-73.92587
3853,Harrison Pl & Porter Ave,-73.92851
3854,Morgan Ave & Maspeth Ave,-73.93637
3855,Frost St & Debevoise Ave,-73.93948
3856,Kingsland Ave & Nassau Ave,-73.94173
3857,Engert Ave & McGuinness Blvd,-73.94546
3858,Kent St & McGuinness Blvd,-73.95161
3859,Lorimer St & Calyer St,-73.95414
3860,Wilson Ave & Troutman St,-73.92754
3861,Menahan St & Wyckoff Ave,-73.91422
3862,Linden St & Knickerbocker Ave,-73.91566
3863,Central Ave & Woodbine St,-73.91605
3864,Central Ave & Covert St,-73.90951
3865,Knickerbocker Ave & Cooper St,-73.90448
3866,Wilson Ave & Moffat St,-73.90506
3867,Somers St & Broadway,-73.90474
3868,Knickerbocker Ave & Halsey St,-73.90824
3869,Van Buren St & Broadway,-73.92617
3870,Melrose St & Broadway,-73.935877
3871,Bushwick Ave & Furman Ave,-73.90623
3872,Hancock St & Wyckoff Ave,-73.90674
3873,Madison St & Cypress Ave,-73.90742
3874,Menahan St & Seneca Ave,-73.91054
3875,Stephen St & Seneca Ave,-73.9007
3876,Forest Ave & Summerfield St,-73.89795
3877,Madison St & Forest Ave,-73.90245
3878,Cypress Ave & George St,-73.90271
3879,Broadway & Madison St,-73.91966
3880,Willoughby Ave & Onderdonk Ave,-73.91727
3881,12 Ave & W 125 St,-73.960405
3882,Norman St & Wyckoff Ave,-73.90311
3883,Harman St & Seneca Ave,-73.91292
3884,Centre St & Seneca Ave,-73.9022
3885,Onderdonk Ave & Gates Ave,-73.90737
3886,Menahan St & Onderdonk Ave,-73.9096
3887,Flushing Ave & Woodward Ave,-73.91873
3888,Woodward Ave & Harman St,-73.91092
3890,Grove St & Broadway,-73.923511
3891,Irving Ave & Palmetto St,-73.9127
3892,38 Ave & 29 St,-73.93367
3893,Rockaway Ave & Bainbridge St,-73.91166642308235
3895,Cypress Ave & Palmetto St,-73.90876293182373
3896,Madison St & Seneca Ave,-73.90625
3897,Onderdonk Ave & Dekalb Ave,-73.91497
3898,E 63 St & 3 Ave,-73.9646
3899,Manhattan Av & Leonard St,-73.94844
3900,Morgan Ave & Lombardy St,-73.93889
3901,Stanhope St & Fairview Ave,-73.91116
3902,Fairview Ave & Linden St,-73.90632
3903,Jefferson Ave & Evergreen Ave,-73.91458
3905,4 Ave & E 12 St,-73.99011
3906,West St & Liberty St,-74.014847
3907,Central Ave & Melrose St,-73.93039
3909,Madison St & Woodward Ave,-73.90408
3910,Greene Ave & Grandview Ave,-73.907856
3911,Wyckoff St & Nevins St,-73.984275
3913,Sands St Gate,-73.979827
3914,West End Ave & W 78 St,-73.981687
3916,Pearl St & Peck Slip,-74.002751
3917,Willoughby St & Ashland Pl,-73.97877
3918,Avenue D & E 8 St,-73.975767
3919,Wall St & South St,-74.00637
3920,E 132 St & Madison Ave,-73.937195
3921,Willis Ave & Bruckner Blvd,-73.925177
3923,Lincoln Ave & E 134 St,-73.928803
3924,Lincoln Ave & E 138 St,-73.927311
3926,5 Ave & W 131 St,-73.93973
3929,Willis Ave & E 141 St,-73.921606
3931,Morris Ave & E 142 St,-73.924963
3932,Grand Concourse & E 144 St,-73.927987
3935,Amsterdam Ave & W 131 St,-73.954295
3937,E 135 St & St Ann's Ave,-73.918889
3938,E 133 St & Cypress Pl,-73.9174
3939,Willow Ave & E 133 St,-73.913863
3940,E 134 St & Walnut Ave,-73.911034
3941,Walnut Ave & E 136 St,-73.909513
3944,Convent Ave & W 135 St,-73.950988
3945,Amsterdam Ave & W 136 St,-73.951819
3946,St Nicholas Ave & W 137 St,-73.947568
3947,E 138 St & Willow Ave,-73.911545
3950,Brook Ave & E 141 St,-73.917875
3955,St Mary's St & Jackson Ave,-73.91081
3956,St. Ann's Ave & E 144 St,-73.914932
3957,E 144 St & Brook Ave,-73.917037
3958,Willis Ave & E 143 St,-73.92037
3961,Morris Ave & E 153 St,-73.921411
3986,E 149 St & Morris Ave,-73.922962
3988,E 128 St & 3 Ave,-73.934077
3989,Willis Ave & E 137 St,-73.923604
3992,W 169 St & Fort Washington Ave,-73.9421253
3993,W 59 St & West End Ave,-73.990625
3994,2 Ave & E 125 St,-73.933509
3995,5 Ave & E 135 St,-73.937838
3996,Lexington Ave & E 128 St,-73.936085
3998,W 135 St & Lenox Terrace Pl,-73.939336
4016,Adam Clayton Powell Blvd & W 130 St,-73.946168
4017,E 138 St & 5 Av,-73.936153
4019,St. Ann's Av & Bruckner Blvd,-73.919763
4021,E 138 St & Grand Concourse,-73.930605
